{
  "top1_accuracy": 0.05328824626865672,
  "recall@5": 0.13677705223880596,
  "recall@10": 0.18271921641791045,
  "mrr@10": 0.0886875610785361,
  "ndcg@10": 0.1108200178008895,
  "hierarchical_accuracy@2": 0.4047341417910448,
  "hierarchical_accuracy@4": 0.10692630597014925,
  "hierarchical_accuracy@6": 0.05328824626865672
}