{
  "mae": 0.17710706787472455,
  "rmse": 0.28829596283249775,
  "mape": 0.5115167677985006,
  "smape": 0.3432634740013978,
  "spearman": 0.6747713677332289
}