{
  "mae": 0.16374791358246008,
  "rmse": 0.35836202474055345,
  "mape": 0.43667857065830074,
  "smape": 0.3024192419594551,
  "spearman": 0.6450681278153354
}