{
  "top1_accuracy": 0.18388526119402984,
  "recall@5": 0.5216884328358209,
  "recall@10": 0.6844682835820896,
  "mrr@10": 0.322613587568112,
  "ndcg@10": 0.40821913740350163,
  "hierarchical_accuracy@2": 0.7484841417910447,
  "hierarchical_accuracy@4": 0.4224580223880597,
  "hierarchical_accuracy@6": 0.18388526119402984
}