{
  "mae": 0.34564888678101285,
  "rmse": 0.5669242686122419,
  "mape": 1.0430850065070454,
  "smape": 0.6525504492155536,
  "spearman": 0.24784724330380273
}