{
  "mae": 0.3127938805185913,
  "rmse": 0.4891075730864816,
  "mape": 0.9614978318373294,
  "smape": 0.6029537759539222,
  "spearman": 0.26781037085617626
}