{
  "top1_accuracy": 0.05245036152875014,
  "recall@5": 0.13462642029151842,
  "recall@10": 0.1798462068173993,
  "mrr@10": 0.08729307056232362,
  "ndcg@10": 0.10907752469418436,
  "hierarchical_accuracy@2": 0.39837025134855963,
  "hierarchical_accuracy@4": 0.10524503615287502,
  "hierarchical_accuracy@6": 0.05245036152875014
}