{
  "mae": 0.24095570479857534,
  "rmse": 0.43158496017575265,
  "mape": 0.700745103142825,
  "smape": 0.44061934551720205,
  "spearman": 0.46570187959264125
}