{
  "mae": 0.2890707149909202,
  "rmse": 0.46601340576012146,
  "mape": 0.8684624639099282,
  "smape": 0.5564704072063,
  "spearman": 0.33732048042645296
}