{
  "mae": 0.15311510828047864,
  "rmse": 0.2538293193553852,
  "mape": 0.4562757304235758,
  "smape": 0.33594392393071226,
  "spearman": 0.6887316871454904
}