{
  "top1_accuracy": 0.1038945895522388,
  "recall@5": 0.28451492537313433,
  "recall@10": 0.441464552238806,
  "mrr@10": 0.18566856935560158,
  "ndcg@10": 0.24481350831221058,
  "hierarchical_accuracy@2": 0.6224347014925373,
  "hierarchical_accuracy@4": 0.25314832089552236,
  "hierarchical_accuracy@6": 0.1038945895522388
}