{
  "mae": 0.13597562409698166,
  "rmse": 0.24196727775905622,
  "mape": 0.3905349067914889,
  "smape": 0.2913081087433783,
  "spearman": 0.7376592351002222
}