{
  "mae": 0.1932386096943765,
  "rmse": 0.3560979071559041,
  "mape": 0.4991968223887665,
  "smape": 0.3888180578400996,
  "spearman": 0.5627496175656046
}