{
  "mae": 0.1327424265275209,
  "rmse": 0.2923951720620778,
  "mape": 0.3514934806395962,
  "smape": 0.26767375233967006,
  "spearman": 0.6567441416291329
}