{
  "top1_accuracy": 0.22761194029850745,
  "recall@5": 0.597481343283582,
  "recall@10": 0.7322761194029851,
  "mrr@10": 0.3761636386519785,
  "ndcg@10": 0.4611280676935076,
  "hierarchical_accuracy@2": 0.7686567164179104,
  "hierarchical_accuracy@4": 0.48530783582089554,
  "hierarchical_accuracy@6": 0.22761194029850745
}